Tweets,fav_count,rt_count,location,phone
@necrophage32 @AEden2020 @Samsung Not sure about the robustness of the flip/folding lark. I use my mobile a lot and… https://t.co/m09rKwfEph,0,0,London,Samsung
Samsung Announces 'Innovative' Debit Card Launching this Summer https://t.co/6NjzoYrUMq https://t.co/ezFEighIu7,0,0,New York,Samsung
Whenever I get to see any of the really cool shit Samsung is working on in the RnD centres. https://t.co/0aAcPhaCbg,4,0,London,Samsung
"Shot on #samsunga30 
Quotes #dailyquotes
.
.
.
.
.
#nature #flora #outdoors #growth #leaf #tree #flower #branch… https://t.co/xcjx8YDg3Q",0,0,Bangalore,Samsung
Why @jdolcourt switched from Samsung Pay to Google Pay: “It’s all in the thumb.” https://t.co/11VXac7aFF,3,0,New York,Samsung
Hidden Samsung Galaxy S20 trick offers peak performance without any compromises https://t.co/yyOjYoZiwX,0,0,London,Samsung
Hidden Samsung Galaxy S20 trick offers peak performance without any compromises https://t.co/yXql64Lpl6 #Samsung… https://t.co/0eIqKLHPgo,0,0,London,Samsung
RT @rajeshkalra: @rajeev_mp @narendramodi @PMOIndia @AmitShah @JPNadda @BJP4Karnataka @BJP4India @BSYBJP @nalinkateel What a journey it has…,0,5,Bangalore,Samsung
"@Dylan34384515 Hey Dylan! Thanks for the mention. We'd recommend checking out the Samsung UK, or a reputable third… https://t.co/D1lvDgVhrf",0,0,London,Samsung
@meenus @GardenLiveNow @neerukam @pins @iamajmer @arborsmarty Samsung have some in built app to identify (actually… https://t.co/CIEUXirAPq,1,0,Mumbai,Samsung
RT @AndroidAuth: Did you know: Samsung once thought Android was a joke https://t.co/SArglu3kVW,0,17,San Francisco,Samsung
RT @AndroidAuth: Samsung Galaxy S20 Plus international giveaway!    https://t.co/HFLDNQqJyX,0,28,San Francisco,Samsung
"RT @DmitryUlyanovML: New SOTA in interactive segmentation by Samsung AI (CVPR'20, oral). f-BRS (feature backpropagating refinement scheme)…",0,21,New York,Samsung
